name,price,url
Светильник потолочный Matthew,6260,https://www.divan.ru/samara/product/svetilnik-potolochnyj-matthew
Светильник потолочный Парма White,5820,https://www.divan.ru/samara/product/svetilnik-potolochnyj-parma-white
Светильник потолочный Лима-1 Black,2920,https://www.divan.ru/samara/product/svetilnik-potolochnyj-lima-1-black
Светильник потолочный Банджи White,9230,https://www.divan.ru/samara/product/svetilnik-potolochnyj-bandji-white
Светильник потолочный Линг Black,6810,https://www.divan.ru/samara/product/svetilnik-potolochnyj-ling-black
Светильник потолочный Атрани Black,5710,https://www.divan.ru/samara/product/svetilnik-potolochnyj-atrani-black
Светильник потолочный Белфаст Black,6260,https://www.divan.ru/samara/product/svetilnik-potolochnyj-belfast-black
Спот Лайт-1 Black,2960,https://www.divan.ru/samara/product/spot-lajt-1-black
Спот Лайт-1 Grey,2960,https://www.divan.ru/samara/product/spot-lajt-1-grey
Спот Лайт-1 White,2960,https://www.divan.ru/samara/product/spot-lajt-1-white
Светильник потолочный Элси Black,980,https://www.divan.ru/samara/product/svetilnik-potolochnyj-elsi-black
